SET SQL_MODE = "NO_AUTO_VALUE_ON_ZERO";
SET AUTOCOMMIT = 0;
START TRANSACTION;
SET time_zone = "+00:00";

/* COLORES */
INSERT INTO auto_color_pintura (nombre) VALUES
("Azúl"),
("Rojo"),
("Verde"),
("Amarillo");

/* MARCAS DE AUTOS */
INSERT INTO `auto_marca` (`pk_auto_marca`, `nombre`) VALUES
(1, 'Acura'),
(2, 'Alfa Romeo'),
(3, 'Aptera'),
(4, 'Aston Martin'),
(5, 'Audi'),
(6, 'Austin'),
(7, 'Bentley'),
(8, 'BMW'),
(9, 'Bugatti'),
(10, 'Buick'),
(11, 'Cadillac'),
(12, 'Chevrolet'),
(13, 'Chrysler'),
(14, 'Citroën'),
(15, 'Corbin'),
(16, 'Daewoo'),
(17, 'Daihatsu'),
(18, 'Dodge'),
(19, 'Eagle'),
(20, 'Fairthorpe'),
(21, 'Ferrari'),
(22, 'FIAT'),
(23, 'Fillmore'),
(24, 'Foose'),
(25, 'Ford'),
(26, 'Geo'),
(27, 'GMC'),
(28, 'Hillman'),
(29, 'Holden'),
(30, 'Honda'),
(31, 'HUMMER'),
(32, 'Hyundai'),
(33, 'Infiniti'),
(34, 'Isuzu'),
(35, 'Jaguar'),
(36, 'Jeep'),
(37, 'Jensen'),
(38, 'Kia'),
(39, 'Lamborghini'),
(40, 'Land Rover'),
(41, 'Lexus'),
(42, 'Lincoln'),
(43, 'Lotus'),
(44, 'Maserati'),
(45, 'Maybach'),
(46, 'Mazda'),
(47, 'McLaren'),
(48, 'Mercedes-Benz'),
(49, 'Mercury'),
(50, 'Merkur'),
(51, 'MG'),
(52, 'MINI'),
(53, 'Mitsubishi'),
(54, 'Morgan'),
(55, 'Nissan'),
(56, 'Oldsmobile'),
(57, 'Panoz'),
(58, 'Peugeot'),
(59, 'Plymouth'),
(60, 'Pontiac'),
(61, 'Porsche'),
(62, 'Ram'),
(63, 'Rambler'),
(64, 'Renault'),
(65, 'Rolls-Royce'),
(66, 'Saab'),
(67, 'Saturn'),
(68, 'Scion'),
(69, 'Shelby'),
(70, 'Smart'),
(71, 'Spyker'),
(72, 'Spyker Cars'),
(73, 'Studebaker'),
(74, 'Subaru'),
(75, 'Suzuki'),
(76, 'Tesla'),
(77, 'Toyota'),
(78, 'Volkswagen'),
(79, 'Volvo');

/* MODELOS DE AUTOS */
INSERT INTO `auto_modelo` (`pk_auto_modelo`, `fk_auto_marca`, `nombre`) VALUES
(1, 1, 'CL'),
(2, 1, 'Integra'),
(3, 1, 'Legend'),
(4, 1, 'MDX'),
(5, 1, 'NSX'),
(6, 1, 'RDX'),
(7, 1, 'RL'),
(8, 1, 'RSX'),
(9, 1, 'SLX'),
(10, 1, 'TL'),
(11, 1, 'TSX'),
(12, 1, 'Vigor'),
(13, 1, 'ZDX'),
(14, 2, '164'),
(15, 2, 'Spider'),
(16, 3, '2e'),
(17, 3, 'Typ-1'),
(18, 3, 'Type-1h'),
(19, 4, 'DB9'),
(20, 4, 'DB9 Volante'),
(21, 4, 'DBS'),
(22, 4, 'Rapide'),
(23, 4, 'V12 Vantage'),
(24, 4, 'V8 Vantage'),
(25, 4, 'V8 Vantage S'),
(26, 4, 'Vanquish S'),
(27, 4, 'Vantage'),
(28, 4, 'Virage'),
(29, 5, '100'),
(30, 5, '200'),
(31, 5, '4000'),
(32, 5, '4000CS Quattro'),
(33, 5, '4000s'),
(34, 5, '4000s Quattro'),
(35, 5, '5000CS'),
(36, 5, '5000CS Quattro'),
(37, 5, '5000S'),
(38, 5, '80'),
(39, 5, '80/90'),
(40, 5, '90'),
(41, 5, 'A3'),
(42, 5, 'A4'),
(43, 5, 'A5'),
(44, 5, 'A6'),
(45, 5, 'A7'),
(46, 5, 'A8'),
(47, 5, 'Allroad'),
(48, 5, 'Cabriolet'),
(49, 5, 'Coupe GT'),
(50, 5, 'Coupe Quattro'),
(51, 5, 'Q5'),
(52, 5, 'Q7'),
(53, 5, 'Quattro'),
(54, 5, 'R8'),
(55, 5, 'riolet'),
(56, 5, 'RS 4'),
(57, 5, 'RS 6'),
(58, 5, 'RS4'),
(59, 5, 'RS6'),
(60, 5, 'S4'),
(61, 5, 'S5'),
(62, 5, 'S6'),
(63, 5, 'S8'),
(64, 5, 'TT'),
(65, 5, 'V8'),
(66, 6, 'Mini'),
(67, 6, 'Mini Cooper'),
(68, 6, 'Mini Cooper S'),
(69, 7, 'Arnage'),
(70, 7, 'Azure'),
(71, 7, 'Azure T'),
(72, 7, 'Brooklands'),
(73, 7, 'Continental'),
(74, 7, 'Continental Flying S'),
(75, 7, 'Continental GT'),
(76, 7, 'Continental GTC'),
(77, 7, 'Continental Super'),
(78, 7, 'Mulsanne'),
(79, 8, '1 Series'),
(80, 8, '3 Series'),
(81, 8, '325'),
(82, 8, '330'),
(83, 8, '5 Series'),
(84, 8, '525'),
(85, 8, '530'),
(86, 8, '545'),
(87, 8, '550'),
(88, 8, '6 Series'),
(89, 8, '600'),
(90, 8, '645'),
(91, 8, '650'),
(92, 8, '7 Series'),
(93, 8, '745'),
(94, 8, '750'),
(95, 8, '760'),
(96, 8, '8 Series'),
(97, 8, 'Alpina B7'),
(98, 8, 'M'),
(99, 8, 'M Roadster'),
(100, 8, 'M3'),
(101, 8, 'M5'),
(102, 8, 'M6'),
(103, 8, 'X3'),
(104, 8, 'X5'),
(105, 8, 'X5 M'),
(106, 8, 'X6'),
(107, 8, 'X6 M'),
(108, 8, 'Z3'),
(109, 8, 'Z4'),
(110, 8, 'Z4 M'),
(111, 8, 'Z4 M Roadster'),
(112, 8, 'Z8'),
(113, 9, 'Veyron'),
(114, 10, 'Century'),
(115, 10, 'Coachbuilder'),
(116, 10, 'Electra'),
(117, 10, 'Enclave'),
(118, 10, 'Estate'),
(119, 10, 'Hearse'),
(120, 10, 'LaCrosse'),
(121, 10, 'LeSabre'),
(122, 10, 'Lucerne'),
(123, 10, 'Park Avenue'),
(124, 10, 'Rainier'),
(125, 10, 'Reatta'),
(126, 10, 'Regal'),
(127, 10, 'Rendezvous'),
(128, 10, 'Riviera'),
(129, 10, 'Roadmaster'),
(130, 10, 'Skyhawk'),
(131, 10, 'Skylark'),
(132, 10, 'Somerset'),
(133, 10, 'Special'),
(134, 10, 'Terraza'),
(135, 10, 'Verano'),
(136, 11, 'Allante'),
(137, 11, 'Brougham'),
(138, 11, 'Catera'),
(139, 11, 'CTS'),
(140, 11, 'CTS-V'),
(141, 11, 'DeVille'),
(142, 11, 'DTS'),
(143, 11, 'Eldorado'),
(144, 11, 'Escalade'),
(145, 11, 'Escalade ESV'),
(146, 11, 'Escalade EXT'),
(147, 11, 'Fleetwood'),
(148, 11, 'Seville'),
(149, 11, 'Sixty Special'),
(150, 11, 'SRX'),
(151, 11, 'STS'),
(152, 11, 'STS-V'),
(153, 11, 'XLR'),
(154, 11, 'XLR-V'),
(155, 12, '1500'),
(156, 12, '2500'),
(157, 12, '3500'),
(158, 12, 'APV'),
(159, 12, 'Astro'),
(160, 12, 'Avalanche'),
(161, 12, 'Avalanche 1500'),
(162, 12, 'Avalanche 2500'),
(163, 12, 'Aveo'),
(164, 12, 'Bel Air'),
(165, 12, 'Beretta'),
(166, 12, 'Blazer'),
(167, 12, 'Camaro'),
(168, 12, 'Caprice'),
(169, 12, 'Caprice Classic'),
(170, 12, 'Cavalier'),
(171, 12, 'Citation'),
(172, 12, 'Classic'),
(173, 12, 'Cobalt'),
(174, 12, 'Cobalt SS'),
(175, 12, 'Colorado'),
(176, 12, 'Corsica'),
(177, 12, 'Corvair'),
(178, 12, 'Corvair 500'),
(179, 12, 'Corvette'),
(180, 12, 'Cruze'),
(181, 12, 'Equinox'),
(182, 12, 'Express'),
(183, 12, 'Express 1500'),
(184, 12, 'Express 2500'),
(185, 12, 'Express 3500'),
(186, 12, 'G-Series 1500'),
(187, 12, 'G-Series 2500'),
(188, 12, 'G-Series 3500'),
(189, 12, 'G-Series G10'),
(190, 12, 'G-Series G20'),
(191, 12, 'G-Series G30'),
(192, 12, 'HHR'),
(193, 12, 'HHR Panel'),
(194, 12, 'Impala'),
(195, 12, 'Impala SS'),
(196, 12, 'K5 Blazer'),
(197, 12, 'Lumina'),
(198, 12, 'Lumina APV'),
(199, 12, 'LUV'),
(200, 12, 'Malibu'),
(201, 12, 'Malibu Maxx'),
(202, 12, 'Metro'),
(203, 12, 'Monte Carlo'),
(204, 12, 'Monza'),
(205, 12, 'Prizm'),
(206, 12, 'S10'),
(207, 12, 'S10 Blazer'),
(208, 12, 'Silverado'),
(209, 12, 'Silverado 1500'),
(210, 12, 'Silverado 2500'),
(211, 12, 'Silverado 3500'),
(212, 12, 'Silverado 3500HD'),
(213, 12, 'Silverado Hybrid'),
(214, 12, 'Sonic'),
(215, 12, 'Sportvan G10'),
(216, 12, 'Sportvan G20'),
(217, 12, 'Sportvan G30'),
(218, 12, 'SSR'),
(219, 12, 'Suburban'),
(220, 12, 'Suburban 1500'),
(221, 12, 'Suburban 2500'),
(222, 12, 'Tahoe'),
(223, 12, 'Tracker'),
(224, 12, 'Trailblazer'),
(225, 12, 'Traverse'),
(226, 12, 'Uplander'),
(227, 12, 'Vega'),
(228, 12, 'Venture'),
(229, 12, 'Volt'),
(230, 13, '200'),
(231, 13, '300'),
(232, 13, '300C'),
(233, 13, '300M'),
(234, 13, 'Aspen'),
(235, 13, 'Cirrus'),
(236, 13, 'Concorde'),
(237, 13, 'Crossfire'),
(238, 13, 'Crossfire Roadster'),
(239, 13, 'Fifth Ave'),
(240, 13, 'Grand Voyager'),
(241, 13, 'Imperial'),
(242, 13, 'LeBaron'),
(243, 13, 'LHS'),
(244, 13, 'New Yorker'),
(245, 13, 'Pacifica'),
(246, 13, 'Prowler'),
(247, 13, 'PT Cruiser'),
(248, 13, 'Sebring'),
(249, 13, 'Town & Country'),
(250, 13, 'Voyager'),
(251, 14, '2CV'),
(252, 14, 'CX'),
(253, 14, 'SM'),
(254, 15, 'Sparrow'),
(255, 16, 'Lanos'),
(256, 16, 'Leganza'),
(257, 16, 'Nubira'),
(258, 17, 'Charade'),
(259, 17, 'Rocky'),
(260, 18, 'Aries'),
(261, 18, 'Aspen'),
(262, 18, 'Avenger'),
(263, 18, 'Caliber'),
(264, 18, 'Caravan'),
(265, 18, 'Challenger'),
(266, 18, 'Charger'),
(267, 18, 'Colt'),
(268, 18, 'D150'),
(269, 18, 'D150 Club'),
(270, 18, 'D250'),
(271, 18, 'D250 Club'),
(272, 18, 'D350'),
(273, 18, 'D350 Club'),
(274, 18, 'Dakota'),
(275, 18, 'Dakota Club'),
(276, 18, 'Daytona'),
(277, 18, 'Durango'),
(278, 18, 'Dynasty'),
(279, 18, 'Grand Caravan'),
(280, 18, 'Intrepid'),
(281, 18, 'Journey'),
(282, 18, 'Magnum'),
(283, 18, 'Monaco'),
(284, 18, 'Neon'),
(285, 18, 'Nitro'),
(286, 18, 'Omni'),
(287, 18, 'Ram'),
(288, 18, 'Ram 1500'),
(289, 18, 'Ram 1500 Club'),
(290, 18, 'Ram 2500'),
(291, 18, 'Ram 2500 Club'),
(292, 18, 'Ram 3500'),
(293, 18, 'Ram 3500 Club'),
(294, 18, 'Ram 50'),
(295, 18, 'Ram Van 1500'),
(296, 18, 'Ram Van 2500'),
(297, 18, 'Ram Van 3500'),
(298, 18, 'Ram Van B150'),
(299, 18, 'Ram Van B250'),
(300, 18, 'Ram Van B350'),
(301, 18, 'Ram Wagon B150'),
(302, 18, 'Ram Wagon B250'),
(303, 18, 'Ram Wagon B350'),
(304, 18, 'Ramcharger'),
(305, 18, 'Shadow'),
(306, 18, 'Spirit'),
(307, 18, 'Sprinter'),
(308, 18, 'Stealth'),
(309, 18, 'Stratus'),
(310, 18, 'Viper'),
(311, 18, 'Viper RT/10'),
(312, 19, 'Premier'),
(313, 19, 'Summit'),
(314, 19, 'Talon'),
(315, 19, 'Vision'),
(316, 20, 'Rockette'),
(317, 21, '430 Scuderia'),
(318, 21, '458 Italia'),
(319, 21, '599 GTB Fiorano'),
(320, 21, '612 Scaglietti'),
(321, 21, 'California'),
(322, 21, 'F430'),
(323, 21, 'F430 Spider'),
(324, 21, 'FF'),
(325, 22, '500'),
(326, 22, 'Nuova 500'),
(327, 23, 'Fillmore'),
(328, 24, 'Hemisfear'),
(329, 25, 'Aerostar'),
(330, 25, 'Aspire'),
(331, 25, 'Bronco'),
(332, 25, 'Bronco II'),
(333, 25, 'C-MAX Hybrid'),
(334, 25, 'Club Wagon'),
(335, 25, 'Contour'),
(336, 25, 'Country'),
(337, 25, 'Courier'),
(338, 25, 'Crown Victoria'),
(339, 25, 'E-350 Super Duty'),
(340, 25, 'E-350 Super Duty Van'),
(341, 25, 'E-Series'),
(342, 25, 'E150'),
(343, 25, 'E250'),
(344, 25, 'E350'),
(345, 25, 'Econoline E150'),
(346, 25, 'Econoline E250'),
(347, 25, 'Econoline E350'),
(348, 25, 'Edge'),
(349, 25, 'Escape'),
(350, 25, 'Escort'),
(351, 25, 'Escort ZX2'),
(352, 25, 'Excursion'),
(353, 25, 'EXP'),
(354, 25, 'Expedition'),
(355, 25, 'Expedition EL'),
(356, 25, 'Explorer'),
(357, 25, 'Explorer Sport'),
(358, 25, 'Explorer Sport Trac'),
(359, 25, 'F-250 Super Duty'),
(360, 25, 'F-350 Super Duty'),
(361, 25, 'F-Series'),
(362, 25, 'F-Series Super Duty'),
(363, 25, 'F150'),
(364, 25, 'F250'),
(365, 25, 'F350'),
(366, 25, 'F450'),
(367, 25, 'Fairlane'),
(368, 25, 'Falcon'),
(369, 25, 'Festiva'),
(370, 25, 'Fiesta'),
(371, 25, 'Five Hundred'),
(372, 25, 'Flex'),
(373, 25, 'Focus'),
(374, 25, 'Focus ST'),
(375, 25, 'Freestar'),
(376, 25, 'Freestyle'),
(377, 25, 'Fusion'),
(378, 25, 'Galaxie'),
(379, 25, 'GT'),
(380, 25, 'GT500'),
(381, 25, 'Laser'),
(382, 25, 'Lightning'),
(383, 25, 'LTD'),
(384, 25, 'LTD Crown Victoria'),
(385, 25, 'Model T'),
(386, 25, 'Mustang'),
(387, 25, 'Probe'),
(388, 25, 'Ranger'),
(389, 25, 'Taurus'),
(390, 25, 'Taurus X'),
(391, 25, 'Tempo'),
(392, 25, 'Th!nk'),
(393, 25, 'Thunderbird'),
(394, 25, 'Torino'),
(395, 25, 'Transit Connect'),
(396, 25, 'Windstar'),
(397, 25, 'ZX2'),
(398, 26, 'Metro'),
(399, 26, 'Prizm'),
(400, 26, 'Storm'),
(401, 26, 'Tracker'),
(402, 27, '1500'),
(403, 27, '1500 Club Coupe'),
(404, 27, '2500'),
(405, 27, '2500 Club Coupe'),
(406, 27, '3500'),
(407, 27, '3500 Club Coupe'),
(408, 27, 'Acadia'),
(409, 27, 'Canyon'),
(410, 27, 'Envoy'),
(411, 27, 'Envoy XL'),
(412, 27, 'Envoy XUV'),
(413, 27, 'EV1'),
(414, 27, 'Jimmy'),
(415, 27, 'Rally Wagon 1500'),
(416, 27, 'Rally Wagon 2500'),
(417, 27, 'Rally Wagon 3500'),
(418, 27, 'Rally Wagon G2500'),
(419, 27, 'Rally Wagon G3500'),
(420, 27, 'Safari'),
(421, 27, 'Savana'),
(422, 27, 'Savana 1500'),
(423, 27, 'Savana 2500'),
(424, 27, 'Savana 3500'),
(425, 27, 'Savana Cargo Van'),
(426, 27, 'Sierra'),
(427, 27, 'Sierra 1500'),
(428, 27, 'Sierra 2500'),
(429, 27, 'Sierra 2500HD'),
(430, 27, 'Sierra 3500'),
(431, 27, 'Sierra 3500HD'),
(432, 27, 'Sierra Denali'),
(433, 27, 'Sierra Hybrid'),
(434, 27, 'Sonoma'),
(435, 27, 'Sonoma Club'),
(436, 27, 'Sonoma Club Coupe'),
(437, 27, 'Suburban 1500'),
(438, 27, 'Suburban 2500'),
(439, 27, 'Terrain'),
(440, 27, 'Vandura 1500'),
(441, 27, 'Vandura 2500'),
(442, 27, 'Vandura 3500'),
(443, 27, 'Vandura G1500'),
(444, 27, 'Vandura G2500'),
(445, 27, 'Vandura G3500'),
(446, 27, 'Yukon'),
(447, 27, 'Yukon Denali'),
(448, 27, 'Yukon XL'),
(449, 27, 'Yukon XL 1500'),
(450, 27, 'Yukon XL 2500'),
(451, 28, 'Minx Magnificent'),
(452, 29, 'Monaro'),
(453, 29, 'VS Commodore'),
(454, 30, 'Accord'),
(455, 30, 'Accord Crosstour'),
(456, 30, 'Civic'),
(457, 30, 'Civic GX'),
(458, 30, 'Civic Si'),
(459, 30, 'CR-V'),
(460, 30, 'CR-X'),
(461, 30, 'CR-Z'),
(462, 30, 'Crosstour'),
(463, 30, 'del Sol'),
(464, 30, 'Element'),
(465, 30, 'FCX Clarity'),
(466, 30, 'Fit'),
(467, 30, 'Insight'),
(468, 30, 'Odyssey'),
(469, 30, 'Passport'),
(470, 30, 'Pilot'),
(471, 30, 'Prelude'),
(472, 30, 'Ridgeline'),
(473, 30, 'S2000'),
(474, 31, 'H1'),
(475, 31, 'H2'),
(476, 31, 'H2 SUT'),
(477, 31, 'H2 SUV'),
(478, 31, 'H3'),
(479, 31, 'H3T'),
(480, 32, 'Accent'),
(481, 32, 'Azera'),
(482, 32, 'Elantra'),
(483, 32, 'Entourage'),
(484, 32, 'Equus'),
(485, 32, 'Excel'),
(486, 32, 'Genesis'),
(487, 32, 'Genesis Coupe'),
(488, 32, 'HED-5'),
(489, 32, 'Santa Fe'),
(490, 32, 'Scoupe'),
(491, 32, 'Sonata'),
(492, 32, 'Tiburon'),
(493, 32, 'Tucson'),
(494, 32, 'Veloster'),
(495, 32, 'Veracruz'),
(496, 32, 'XG300'),
(497, 32, 'XG350'),
(498, 33, 'EX'),
(499, 33, 'FX'),
(500, 33, 'G'),
(501, 33, 'G25'),
(502, 33, 'G35'),
(503, 33, 'G37'),
(504, 33, 'I'),
(505, 33, 'IPL G'),
(506, 33, 'J'),
(507, 33, 'JX'),
(508, 33, 'M'),
(509, 33, 'Q'),
(510, 33, 'QX'),
(511, 33, 'QX56'),
(512, 34, 'Amigo'),
(513, 34, 'Ascender'),
(514, 34, 'Axiom'),
(515, 34, 'Hombre'),
(516, 34, 'Hombre Space'),
(517, 34, 'i-280'),
(518, 34, 'i-290'),
(519, 34, 'i-350'),
(520, 34, 'i-370'),
(521, 34, 'i-Series'),
(522, 34, 'Impulse'),
(523, 34, 'Oasis'),
(524, 34, 'Rodeo'),
(525, 34, 'Rodeo Sport'),
(526, 34, 'Space'),
(527, 34, 'Stylus'),
(528, 34, 'Trooper'),
(529, 34, 'VehiCROSS'),
(530, 35, 'S-Type'),
(531, 35, 'X-Type'),
(532, 35, 'XF'),
(533, 35, 'XJ'),
(534, 35, 'XJ Series'),
(535, 35, 'XK'),
(536, 35, 'XK Series'),
(537, 36, 'Cherokee'),
(538, 36, 'Comanche'),
(539, 36, 'Commander'),
(540, 36, 'Compass'),
(541, 36, 'Grand Cherokee'),
(542, 36, 'Liberty'),
(543, 36, 'Patriot'),
(544, 36, 'Wrangler'),
(545, 37, 'Interceptor'),
(546, 38, 'Amanti'),
(547, 38, 'Borrego'),
(548, 38, 'Carens'),
(549, 38, 'Forte'),
(550, 38, 'Mentor'),
(551, 38, 'Mohave/Borrego'),
(552, 38, 'Optima'),
(553, 38, 'Rio'),
(554, 38, 'Rio5'),
(555, 38, 'Rondo'),
(556, 38, 'Sedona'),
(557, 38, 'Sephia'),
(558, 38, 'Sorento'),
(559, 38, 'Soul'),
(560, 38, 'Spectra'),
(561, 38, 'Spectra5'),
(562, 38, 'Sportage'),
(563, 39, 'Aventador'),
(564, 39, 'Countach'),
(565, 39, 'Diablo'),
(566, 39, 'Gallardo'),
(567, 39, 'Murciélago'),
(568, 39, 'Murciélago LP640'),
(569, 39, 'Reventón'),
(570, 40, 'Defender'),
(571, 40, 'Defender 110'),
(572, 40, 'Defender 90'),
(573, 40, 'Defender Ice Edition'),
(574, 40, 'Discovery'),
(575, 40, 'Discovery Series II'),
(576, 40, 'Freelander'),
(577, 40, 'LR2'),
(578, 40, 'LR3'),
(579, 40, 'LR4'),
(580, 40, 'Range Rover'),
(581, 40, 'Range Rover Classic'),
(582, 40, 'Range Rover Evoque'),
(583, 40, 'Range Rover Sport'),
(584, 40, 'Sterling'),
(585, 41, 'CT'),
(586, 41, 'ES'),
(587, 41, 'GS'),
(588, 41, 'GX'),
(589, 41, 'HS'),
(590, 41, 'IS'),
(591, 41, 'IS F'),
(592, 41, 'IS-F'),
(593, 41, 'LFA'),
(594, 41, 'LS'),
(595, 41, 'LS Hybrid'),
(596, 41, 'LX'),
(597, 41, 'RX'),
(598, 41, 'RX Hybrid'),
(599, 41, 'SC'),
(600, 42, 'Aviator'),
(601, 42, 'Blackwood'),
(602, 42, 'Continental'),
(603, 42, 'Continental Mark VII'),
(604, 42, 'LS'),
(605, 42, 'Mark LT'),
(606, 42, 'Mark VII'),
(607, 42, 'Mark VIII'),
(608, 42, 'MKS'),
(609, 42, 'MKT'),
(610, 42, 'MKX'),
(611, 42, 'MKZ'),
(612, 42, 'Navigator'),
(613, 42, 'Navigator L'),
(614, 42, 'Town Car'),
(615, 42, 'Zephyr'),
(616, 43, 'Elan'),
(617, 43, 'Elise'),
(618, 43, 'Esprit'),
(619, 43, 'Esprit Turbo'),
(620, 43, 'Evora'),
(621, 43, 'Exige'),
(622, 44, '228'),
(623, 44, '430'),
(624, 44, 'Biturbo'),
(625, 44, 'Coupe'),
(626, 44, 'Gran Sport'),
(627, 44, 'GranSport'),
(628, 44, 'GranTurismo'),
(629, 44, 'Karif'),
(630, 44, 'Quattroporte'),
(631, 44, 'Spyder'),
(632, 45, '57'),
(633, 45, '57S'),
(634, 45, '62'),
(635, 45, 'Landaulet'),
(636, 46, '323'),
(637, 46, '626'),
(638, 46, '929'),
(639, 46, 'B-Series'),
(640, 46, 'B-Series Plus'),
(641, 46, 'B2000'),
(642, 46, 'B2500'),
(643, 46, 'B2600'),
(644, 46, 'CX-5'),
(645, 46, 'CX-7'),
(646, 46, 'CX-9'),
(647, 46, 'Familia'),
(648, 46, 'GLC'),
(649, 46, 'Mazda2'),
(650, 46, 'Mazda3'),
(651, 46, 'Mazda5'),
(652, 46, 'Mazda6'),
(653, 46, 'Mazda6 5-Door'),
(654, 46, 'Mazda6 Sport'),
(655, 46, 'Mazdaspeed 3'),
(656, 46, 'Mazdaspeed6'),
(657, 46, 'Miata MX-5'),
(658, 46, 'Millenia'),
(659, 46, 'MPV'),
(660, 46, 'MX-3'),
(661, 46, 'MX-5'),
(662, 46, 'MX-6'),
(663, 46, 'Navajo'),
(664, 46, 'Protege'),
(665, 46, 'Protege5'),
(666, 46, 'RX-7'),
(667, 46, 'RX-8'),
(668, 46, 'Tribute'),
(669, 47, 'MP4-12C'),
(670, 48, '190E'),
(671, 48, '300CE'),
(672, 48, '300D'),
(673, 48, '300E'),
(674, 48, '300SD'),
(675, 48, '300SE'),
(676, 48, '300SL'),
(677, 48, '300TE'),
(678, 48, '400E'),
(679, 48, '400SE'),
(680, 48, '400SEL'),
(681, 48, '500E'),
(682, 48, '500SEC'),
(683, 48, '500SEL'),
(684, 48, '500SL'),
(685, 48, '600SEC'),
(686, 48, '600SEL'),
(687, 48, '600SL'),
(688, 48, 'C-Class'),
(689, 48, 'CL-Class'),
(690, 48, 'CL65 AMG'),
(691, 48, 'CLK-Class'),
(692, 48, 'CLS-Class'),
(693, 48, 'E-Class'),
(694, 48, 'G-Class'),
(695, 48, 'G55 AMG'),
(696, 48, 'GL-Class'),
(697, 48, 'GLK-Class'),
(698, 48, 'M-Class'),
(699, 48, 'R-Class'),
(700, 48, 'S-Class'),
(701, 48, 'SL-Class'),
(702, 48, 'SL65 AMG'),
(703, 48, 'SLK-Class'),
(704, 48, 'SLK55 AMG'),
(705, 48, 'SLR McLaren'),
(706, 48, 'SLS AMG'),
(707, 48, 'SLS-Class'),
(708, 48, 'Sprinter'),
(709, 48, 'Sprinter 2500'),
(710, 48, 'Sprinter 3500'),
(711, 48, 'W123'),
(712, 48, 'W126'),
(713, 48, 'W201'),
(714, 49, 'Capri'),
(715, 49, 'Cougar'),
(716, 49, 'Grand Marquis'),
(717, 49, 'Lynx'),
(718, 49, 'Marauder'),
(719, 49, 'Mariner'),
(720, 49, 'Marquis'),
(721, 49, 'Milan'),
(722, 49, 'Montego'),
(723, 49, 'Monterey'),
(724, 49, 'Mountaineer'),
(725, 49, 'Mystique'),
(726, 49, 'Sable'),
(727, 49, 'Topaz'),
(728, 49, 'Tracer'),
(729, 49, 'Villager'),
(730, 50, 'XR4Ti'),
(731, 51, 'MGB'),
(732, 52, 'Clubman'),
(733, 52, 'Cooper'),
(734, 52, 'Cooper Clubman'),
(735, 52, 'Cooper Countryman'),
(736, 52, 'Countryman'),
(737, 52, 'MINI'),
(738, 53, '3000GT'),
(739, 53, 'Challenger'),
(740, 53, 'Chariot'),
(741, 53, 'Cordia'),
(742, 53, 'Diamante'),
(743, 53, 'Eclipse'),
(744, 53, 'Endeavor'),
(745, 53, 'Excel'),
(746, 53, 'Expo'),
(747, 53, 'Expo LRV'),
(748, 53, 'Galant'),
(749, 53, 'GTO'),
(750, 53, 'i-MiEV'),
(751, 53, 'L300'),
(752, 53, 'Lancer'),
(753, 53, 'Lancer Evolution'),
(754, 53, 'Mighty Max'),
(755, 53, 'Mighty Max Macro'),
(756, 53, 'Mirage'),
(757, 53, 'Montero'),
(758, 53, 'Montero Sport'),
(759, 53, 'Outlander'),
(760, 53, 'Outlander Sport'),
(761, 53, 'Pajero'),
(762, 53, 'Precis'),
(763, 53, 'Raider'),
(764, 53, 'RVR'),
(765, 53, 'Sigma'),
(766, 53, 'Space'),
(767, 53, 'Starion'),
(768, 53, 'Tredia'),
(769, 53, 'Truck'),
(770, 53, 'Tundra'),
(771, 54, 'Aero 8'),
(772, 55, '200SX'),
(773, 55, '240SX'),
(774, 55, '280ZX'),
(775, 55, '300ZX'),
(776, 55, '350Z'),
(777, 55, '350Z Roadster'),
(778, 55, '370Z'),
(779, 55, 'Altima'),
(780, 55, 'Armada'),
(781, 55, 'Cube'),
(782, 55, 'Datsun/Nissan Z-car'),
(783, 55, 'Frontier'),
(784, 55, 'GT-R'),
(785, 55, 'JUKE'),
(786, 55, 'Leaf'),
(787, 55, 'Maxima'),
(788, 55, 'Murano'),
(789, 55, 'NV1500'),
(790, 55, 'NV2500'),
(791, 55, 'NV3500'),
(792, 55, 'NX'),
(793, 55, 'Pathfinder'),
(794, 55, 'Pathfinder Armada'),
(795, 55, 'Quest'),
(796, 55, 'Rogue'),
(797, 55, 'Sentra'),
(798, 55, 'Stanza'),
(799, 55, 'Titan'),
(800, 55, 'Versa'),
(801, 55, 'Xterra'),
(802, 56, '88'),
(803, 56, '98'),
(804, 56, 'Achieva'),
(805, 56, 'Alero'),
(806, 56, 'Aurora'),
(807, 56, 'Bravada'),
(808, 56, 'Ciera'),
(809, 56, 'Custom Cruiser'),
(810, 56, 'Cutlass'),
(811, 56, 'Cutlass Cruiser'),
(812, 56, 'Cutlass Supreme'),
(813, 56, 'Intrigue'),
(814, 56, 'LSS'),
(815, 56, 'Regency'),
(816, 56, 'Silhouette'),
(817, 56, 'Toronado'),
(818, 57, 'Esperante'),
(819, 58, '207'),
(820, 59, 'Acclaim'),
(821, 59, 'Breeze'),
(822, 59, 'Colt'),
(823, 59, 'Colt Vista'),
(824, 59, 'Fury'),
(825, 59, 'Grand Voyager'),
(826, 59, 'Horizon'),
(827, 59, 'Laser'),
(828, 59, 'Neon'),
(829, 59, 'Prowler'),
(830, 59, 'Reliant'),
(831, 59, 'Roadrunner'),
(832, 59, 'Sundance'),
(833, 59, 'Volare'),
(834, 59, 'Voyager'),
(835, 60, '1000'),
(836, 60, '6000'),
(837, 60, 'Aztek'),
(838, 60, 'Bonneville'),
(839, 60, 'Chevette'),
(840, 60, 'Daewoo Kalos'),
(841, 60, 'Fiero'),
(842, 60, 'Firebird'),
(843, 60, 'Firebird Formula'),
(844, 60, 'Firebird Trans Am'),
(845, 60, 'Firefly'),
(846, 60, 'G3'),
(847, 60, 'G5'),
(848, 60, 'G6'),
(849, 60, 'G8'),
(850, 60, 'Gemini'),
(851, 60, 'Grand Am'),
(852, 60, 'Grand Prix'),
(853, 60, 'Grand Prix Turbo'),
(854, 60, 'GTO'),
(855, 60, 'LeMans'),
(856, 60, 'Montana'),
(857, 60, 'Montana SV6'),
(858, 60, 'Monterey'),
(859, 60, 'Parisienne'),
(860, 60, 'Safari'),
(861, 60, 'Solstice'),
(862, 60, 'Sunbird'),
(863, 60, 'Sunfire'),
(864, 60, 'Tempest'),
(865, 60, 'Torrent'),
(866, 60, 'Trans Sport'),
(867, 60, 'Turbo Firefly'),
(868, 60, 'Vibe'),
(869, 61, '911'),
(870, 61, '914'),
(871, 61, '924'),
(872, 61, '924 S'),
(873, 61, '928'),
(874, 61, '944'),
(875, 61, '968'),
(876, 61, 'Boxster'),
(877, 61, 'Carrera GT'),
(878, 61, 'Cayenne'),
(879, 61, 'Cayman'),
(880, 61, 'Panamera'),
(881, 62, '1500'),
(882, 62, '2500'),
(883, 62, '3500'),
(884, 62, 'C/V'),
(885, 62, 'Dakota'),
(886, 63, 'Classic'),
(887, 64, 'Alliance'),
(888, 65, 'Ghost'),
(889, 65, 'Phantom'),
(890, 66, '9-2X'),
(891, 66, '9-3'),
(892, 66, '9-4X'),
(893, 66, '9-5'),
(894, 66, '9-7X'),
(895, 66, '900'),
(896, 66, '9000'),
(897, 67, 'Astra'),
(898, 67, 'Aura'),
(899, 67, 'Ion'),
(900, 67, 'L-Series'),
(901, 67, 'Outlook'),
(902, 67, 'Relay'),
(903, 67, 'S-Series'),
(904, 67, 'Sky'),
(905, 67, 'VUE'),
(906, 68, 'FR-S'),
(907, 68, 'iQ'),
(908, 68, 'tC'),
(909, 68, 'xA'),
(910, 68, 'xB'),
(911, 68, 'xD'),
(912, 69, 'GT350'),
(913, 69, 'GT500'),
(914, 70, 'Fortwo'),
(915, 71, 'C8 Double 12 S'),
(916, 71, 'C8 Laviolette'),
(917, 71, 'C8 Spyder'),
(918, 71, 'C8 Spyder Wide Body'),
(919, 72, 'C8'),
(920, 73, 'Avanti'),
(921, 74, 'Alcyone SVX'),
(922, 74, 'B9 Tribeca'),
(923, 74, 'Baja'),
(924, 74, 'Brat'),
(925, 74, 'BRZ'),
(926, 74, 'Forester'),
(927, 74, 'Impreza'),
(928, 74, 'Impreza WRX'),
(929, 74, 'Justy'),
(930, 74, 'Legacy'),
(931, 74, 'Leone'),
(932, 74, 'Loyale'),
(933, 74, 'Outback'),
(934, 74, 'Outback Sport'),
(935, 74, 'SVX'),
(936, 74, 'Tribeca'),
(937, 74, 'XT'),
(938, 75, 'Aerio'),
(939, 75, 'Cultus'),
(940, 75, 'Daewoo Lacetti'),
(941, 75, 'Daewoo Magnus'),
(942, 75, 'Equator'),
(943, 75, 'Esteem'),
(944, 75, 'Forenza'),
(945, 75, 'Grand Vitara'),
(946, 75, 'Kizashi'),
(947, 75, 'Reno'),
(948, 75, 'Samurai'),
(949, 75, 'Sidekick'),
(950, 75, 'SJ'),
(951, 75, 'SJ 410'),
(952, 75, 'Swift'),
(953, 75, 'SX4'),
(954, 75, 'Verona'),
(955, 75, 'Vitara'),
(956, 75, 'X-90'),
(957, 75, 'XL-7'),
(958, 75, 'XL7'),
(959, 76, 'Model S'),
(960, 76, 'Roadster'),
(961, 77, '4Runner'),
(962, 77, 'Avalon'),
(963, 77, 'Camry'),
(964, 77, 'Camry Hybrid'),
(965, 77, 'Camry Solara'),
(966, 77, 'Celica'),
(967, 77, 'Corolla'),
(968, 77, 'Cressida'),
(969, 77, 'Echo'),
(970, 77, 'FJ Cruiser'),
(971, 77, 'Highlander'),
(972, 77, 'Highlander Hybrid'),
(973, 77, 'Ipsum'),
(974, 77, 'Land Cruiser'),
(975, 77, 'Matrix'),
(976, 77, 'MR2'),
(977, 77, 'Paseo'),
(978, 77, 'Previa'),
(979, 77, 'Prius'),
(980, 77, 'Prius c'),
(981, 77, 'Prius Plug-in'),
(982, 77, 'Prius Plug-in Hybrid'),
(983, 77, 'Prius v'),
(984, 77, 'RAV4'),
(985, 77, 'Sequoia'),
(986, 77, 'Sienna'),
(987, 77, 'Solara'),
(988, 77, 'Supra'),
(989, 77, 'T100'),
(990, 77, 'T100 Xtra'),
(991, 77, 'Tacoma'),
(992, 77, 'Tacoma Xtra'),
(993, 77, 'Tercel'),
(994, 77, 'Truck Xtracab SR5'),
(995, 77, 'Tundra'),
(996, 77, 'TundraMax'),
(997, 77, 'Venza'),
(998, 77, 'Xtra'),
(999, 77, 'Yaris'),
(1000, 78, 'Beetle'),
(1001, 78, 'Cabriolet'),
(1002, 78, 'CC'),
(1003, 78, 'Corrado'),
(1004, 78, 'Eos'),
(1005, 78, 'Eurovan'),
(1006, 78, 'Fox'),
(1007, 78, 'GLI'),
(1008, 78, 'Golf'),
(1009, 78, 'Golf III'),
(1010, 78, 'GTI'),
(1011, 78, 'Jetta'),
(1012, 78, 'Jetta III'),
(1013, 78, 'New Beetle'),
(1014, 78, 'Passat'),
(1015, 78, 'Phaeton'),
(1016, 78, 'Quantum'),
(1017, 78, 'R32'),
(1018, 78, 'Rabbit'),
(1019, 78, 'rio'),
(1020, 78, 'riolet'),
(1021, 78, 'Routan'),
(1022, 78, 'Scirocco'),
(1023, 78, 'Tiguan'),
(1024, 78, 'Touareg'),
(1025, 78, 'Touareg 2'),
(1026, 78, 'Type 2'),
(1027, 78, 'Vanagon'),
(1028, 79, '240'),
(1029, 79, '740'),
(1030, 79, '850'),
(1031, 79, '940'),
(1032, 79, '960'),
(1033, 79, 'C30'),
(1034, 79, 'C70'),
(1035, 79, 'S40'),
(1036, 79, 'S60'),
(1037, 79, 'S70'),
(1038, 79, 'S80'),
(1039, 79, 'S90'),
(1040, 79, 'V40'),
(1041, 79, 'V50'),
(1042, 79, 'V70'),
(1043, 79, 'V90'),
(1044, 79, 'XC60'),
(1045, 79, 'XC70'),
(1046, 79, 'XC90');

COMMIT;
